{
  "hash": "37cdc697",
  "configHash": "1b934e69",
  "lockfileHash": "abfd3f44",
  "browserHash": "d36491ce",
  "optimized": {
    "@angular/common": {
      "src": "../../../../../node_modules/@angular/common/fesm2022/common.mjs",
      "file": "@angular_common.js",
      "fileHash": "f8ea5f61",
      "needsInterop": false
    },
    "@angular/common/http": {
      "src": "../../../../../node_modules/@angular/common/fesm2022/http.mjs",
      "file": "@angular_common_http.js",
      "fileHash": "263080d2",
      "needsInterop": false
    },
    "@angular/core": {
      "src": "../../../../../node_modules/@angular/core/fesm2022/core.mjs",
      "file": "@angular_core.js",
      "fileHash": "5d27c358",
      "needsInterop": false
    },
    "@angular/forms": {
      "src": "../../../../../node_modules/@angular/forms/fesm2022/forms.mjs",
      "file": "@angular_forms.js",
      "fileHash": "7c44b521",
      "needsInterop": false
    },
    "@angular/platform-browser": {
      "src": "../../../../../node_modules/@angular/platform-browser/fesm2022/platform-browser.mjs",
      "file": "@angular_platform-browser.js",
      "fileHash": "0765ca74",
      "needsInterop": false
    },
    "@angular/router": {
      "src": "../../../../../node_modules/@angular/router/fesm2022/router.mjs",
      "file": "@angular_router.js",
      "fileHash": "7ec45467",
      "needsInterop": false
    }
  },
  "chunks": {
    "chunk-N2QL4EX3": {
      "file": "chunk-N2QL4EX3.js"
    },
    "chunk-Y7OYLMFE": {
      "file": "chunk-Y7OYLMFE.js"
    },
    "chunk-26ZBG2U3": {
      "file": "chunk-26ZBG2U3.js"
    },
    "chunk-HZEFKQQ5": {
      "file": "chunk-HZEFKQQ5.js"
    }
  }
}